<class 'problems.ANNOP.ANNOP'>,1574838997568,algorithms.GA_with_plotting_fitshare,[0, 0.21621621621621623, 0.18672199170124482, 40, 'tournament_selection', 'uniform_crossover', 0.95, 'ball_mutation', <mtrand.RandomState object at 0x0000016EABB81240>, None, 0.95, 0.002582535867272962, 32807.7981826224],1.1570168368340088
<class 'problems.ANNOP.ANNOP'>,1574838997568,algorithms.GA_with_plotting_fitshare,[1, 0.21621621621621623, 0.18672199170124482, 40, 'tournament_selection', 'uniform_crossover', 0.95, 'ball_mutation', <mtrand.RandomState object at 0x0000016EABB81240>, None, 0.95, 0.01178353469679213, 27311.86525002723],1.1864801677646672
<class 'problems.ANNOP.ANNOP'>,1574838997568,algorithms.GA_with_plotting_fitshare,[2, 0.21621621621621623, 0.18672199170124482, 40, 'tournament_selection', 'uniform_crossover', 0.95, 'ball_mutation', <mtrand.RandomState object at 0x0000016EABB81240>, None, 0.95, -0.0036079698697652623, 24083.7138536503],1.2163628363762962
<class 'problems.ANNOP.ANNOP'>,1574838997568,algorithms.GA_with_plotting_fitshare,[3, 0.21621621621621623, 0.18672199170124482, 40, 'tournament_selection', 'uniform_crossover', 0.95, 'ball_mutation', <mtrand.RandomState object at 0x0000016EABB81240>, None, 0.95, -0.0057439117942621985, 20502.871499140296],1.2370717530312396
<class 'problems.ANNOP.ANNOP'>,1574838997568,algorithms.GA_with_plotting_fitshare,[4, 0.21621621621621623, 0.18672199170124482, 40, 'tournament_selection', 'uniform_crossover', 0.95, 'ball_mutation', <mtrand.RandomState object at 0x0000016EABB81240>, None, 0.95, 0.006495731675688062, 12017.945484862488],1.2460982286839153
<class 'problems.ANNOP.ANNOP'>,1574838997568,algorithms.GA_with_plotting_fitshare,[5, 0.2234927234927235, 0.21991701244813278, 40, 'tournament_selection', 'uniform_crossover', 0.95, 'ball_mutation', <mtrand.RandomState object at 0x0000016EABB81240>, None, 0.95, -0.0008978087267626916, 10547.91741102987],1.2694955317900594
<class 'problems.ANNOP.ANNOP'>,1574838997568,algorithms.GA_with_plotting_fitshare,[6, 0.23284823284823286, 0.25311203319502074, 40, 'tournament_selection', 'uniform_crossover', 0.95, 'ball_mutation', <mtrand.RandomState object at 0x0000016EABB81240>, None, 0.95, 0.004682015604362932, 10455.6067306729],1.260399965781119
