<class 'problems.ANNOP.ANNOP'>,1751137032808,algorithms.GA_with_plotting,[0, 0.16112266112266113, 0.17012448132780084, 40, 'roulette_wheel_fitscale', 'uniform_crossover', 0.95, 'ball_mutation', <mtrand.RandomState object at 0x00000197B7E69A68>, None, 0.95, -0.002355476442146197, 32807.7981826224],1.1570168368340088
